{"cameraMode":{"drawMode":0,"name":"Shaded","section":"Shading Mode"},"sceneLighting":true,"audioPlay":false,"sceneViewState":{"m_AlwaysRefresh":false,"showFog":true,"showSkybox":true,"showFlares":true,"showImageEffects":true,"showParticleSystems":true,"showVisualEffectGraphs":true,"m_FxEnabled":true},"in2DMode":false,"pivot":{"x":-4.951564311981201,"y":1.433994174003601,"z":40.354339599609378},"rotation":{"x":0.008988771587610245,"y":0.04947765916585922,"z":-0.00044457477633841336,"w":0.9987389445304871},"size":75.17691802978516,"orthographic":true}