{"cameraMode":{"drawMode":0,"name":"Shaded","section":"Shading Mode"},"sceneLighting":true,"audioPlay":false,"sceneViewState":{"m_AlwaysRefresh":false,"showFog":true,"showSkybox":true,"showFlares":true,"showImageEffects":true,"showParticleSystems":true,"showVisualEffectGraphs":true,"m_FxEnabled":true},"in2DMode":false,"pivot":{"x":-24.683372497558595,"y":-0.9369408488273621,"z":99.2466812133789},"rotation":{"x":-0.01798531599342823,"y":0.0389849878847599,"z":0.0007235347875393927,"w":0.999093770980835},"size":60.19012451171875,"orthographic":true}