{"cameraMode":{"drawMode":0,"name":"Shaded","section":"Shading Mode"},"sceneLighting":true,"audioPlay":false,"sceneViewState":{"m_AlwaysRefresh":false,"showFog":true,"showSkybox":true,"showFlares":true,"showImageEffects":true,"showParticleSystems":true,"showVisualEffectGraphs":true,"m_FxEnabled":true},"in2DMode":false,"pivot":{"x":-9.577085494995118,"y":-1.1921906471252442,"z":74.86682891845703},"rotation":{"x":-0.010484348051249981,"y":0.05696811527013779,"z":0.0005865177372470498,"w":0.9983368515968323},"size":73.3822250366211,"orthographic":true}