{"cameraMode":{"drawMode":0,"name":"Shaded","section":"Shading Mode"},"sceneLighting":true,"audioPlay":false,"sceneViewState":{"m_AlwaysRefresh":false,"showFog":true,"showSkybox":true,"showFlares":true,"showImageEffects":true,"showParticleSystems":true,"showVisualEffectGraphs":true,"m_FxEnabled":true},"in2DMode":false,"pivot":{"x":-9.577085494995118,"y":-1.1921906471252442,"z":74.86682891845703},"rotation":{"x":0.0074963695369660858,"y":-0.029994556680321695,"z":0.00021162307530175894,"w":0.9995388984680176},"size":78.3681869506836,"orthographic":true}