{"cameraMode":{"drawMode":0,"name":"Shaded","section":"Shading Mode"},"sceneLighting":true,"audioPlay":false,"sceneViewState":{"m_AlwaysRefresh":false,"showFog":true,"showSkybox":true,"showFlares":true,"showImageEffects":true,"showParticleSystems":true,"showVisualEffectGraphs":true,"m_FxEnabled":true},"in2DMode":false,"pivot":{"x":-16.089481353759767,"y":-0.48240894079208376,"z":89.46913146972656},"rotation":{"x":-0.008999334648251534,"y":0.015009821392595768,"z":0.00015398314280901104,"w":0.9998642802238464},"size":59.47593307495117,"orthographic":true}