{"cameraMode":{"drawMode":0,"name":"Shaded","section":"Shading Mode"},"sceneLighting":true,"audioPlay":false,"sceneViewState":{"m_AlwaysRefresh":false,"showFog":true,"showSkybox":true,"showFlares":true,"showImageEffects":true,"showParticleSystems":true,"showVisualEffectGraphs":true,"m_FxEnabled":true},"in2DMode":false,"pivot":{"x":-16.775428771972658,"y":0.2303483486175537,"z":82.44544219970703},"rotation":{"x":-0.008999334648251534,"y":0.015009821392595768,"z":0.00015398314280901104,"w":0.9998642802238464},"size":60.36549758911133,"orthographic":true}