{"cameraMode":{"drawMode":0,"name":"Shaded","section":"Shading Mode"},"sceneLighting":true,"audioPlay":false,"sceneViewState":{"m_AlwaysRefresh":false,"showFog":true,"showSkybox":true,"showFlares":true,"showImageEffects":true,"showParticleSystems":true,"showVisualEffectGraphs":true,"m_FxEnabled":true},"in2DMode":false,"pivot":{"x":-24.683372497558595,"y":-0.9369408488273621,"z":99.2466812133789},"rotation":{"x":-0.028487324714660646,"y":0.025488033890724183,"z":0.0007448266842402518,"w":0.9992825388908386},"size":58.06712341308594,"orthographic":true}