{"cameraMode":{"drawMode":0,"name":"Shaded","section":"Shading Mode"},"sceneLighting":true,"audioPlay":false,"sceneViewState":{"m_AlwaysRefresh":false,"showFog":true,"showSkybox":true,"showFlares":true,"showImageEffects":true,"showParticleSystems":true,"showVisualEffectGraphs":true,"m_FxEnabled":true},"in2DMode":false,"pivot":{"x":-2.6224074363708498,"y":2.085939645767212,"z":40.00462341308594},"rotation":{"x":0.019494786858558656,"y":-0.020993344485759736,"z":0.00040798858390189707,"w":0.9995917081832886},"size":65.41686248779297,"orthographic":true}