{"cameraMode":{"drawMode":0,"name":"Shaded","section":"Shading Mode"},"sceneLighting":true,"audioPlay":false,"sceneViewState":{"m_AlwaysRefresh":false,"showFog":true,"showSkybox":true,"showFlares":true,"showImageEffects":true,"showParticleSystems":true,"showVisualEffectGraphs":true,"m_FxEnabled":true},"in2DMode":false,"pivot":{"x":-7.218500137329102,"y":-1.6549692153930665,"z":52.930667877197269},"rotation":{"x":-0.044964734464883807,"y":0.029965322464704515,"z":0.0013490908313542605,"w":0.9985402822494507},"size":73.48536682128906,"orthographic":true}