{"cameraMode":{"drawMode":0,"name":"Shaded","section":"Shading Mode"},"sceneLighting":true,"audioPlay":false,"sceneViewState":{"m_AlwaysRefresh":false,"showFog":true,"showSkybox":true,"showFlares":true,"showImageEffects":true,"showParticleSystems":true,"showVisualEffectGraphs":true,"m_FxEnabled":true},"in2DMode":false,"pivot":{"x":46.10920333862305,"y":34.32735824584961,"z":73.91088104248047},"rotation":{"x":2.868477508854994e-7,"y":0.04349773749709129,"z":0.0000184310683835065,"w":0.9990750551223755},"size":23.817062377929689,"orthographic":true}