{"cameraMode":{"drawMode":0,"name":"Shaded","section":"Shading Mode"},"sceneLighting":true,"audioPlay":false,"sceneViewState":{"m_AlwaysRefresh":false,"showFog":true,"showSkybox":true,"showFlares":true,"showImageEffects":true,"showParticleSystems":true,"showVisualEffectGraphs":true,"m_FxEnabled":true},"in2DMode":false,"pivot":{"x":4.913647651672363,"y":0.6172780990600586,"z":101.02294921875},"rotation":{"x":0.0014971637865528465,"y":0.061461422592401507,"z":-0.00009219913772540167,"w":0.9981079697608948},"size":62.201698303222659,"orthographic":true}