{"cameraMode":{"drawMode":0,"name":"Shaded","section":"Shading Mode"},"sceneLighting":true,"audioPlay":false,"sceneViewState":{"m_AlwaysRefresh":false,"showFog":true,"showSkybox":true,"showFlares":true,"showImageEffects":true,"showParticleSystems":true,"showVisualEffectGraphs":true,"m_FxEnabled":true},"in2DMode":false,"pivot":{"x":-4.951564311981201,"y":1.433994174003601,"z":40.354339599609378},"rotation":{"x":-0.0014976488891988993,"y":-0.05846725404262543,"z":-0.00008698287274455652,"w":0.9982935190200806},"size":40.419986724853519,"orthographic":true}