{"cameraMode":{"drawMode":0,"name":"Shaded","section":"Shading Mode"},"sceneLighting":true,"audioPlay":false,"sceneViewState":{"m_AlwaysRefresh":false,"showFog":true,"showSkybox":true,"showFlares":true,"showImageEffects":true,"showParticleSystems":true,"showVisualEffectGraphs":true,"m_FxEnabled":true},"in2DMode":false,"pivot":{"x":-9.577085494995118,"y":-1.1921906471252442,"z":74.86682891845703},"rotation":{"x":0.047978028655052188,"y":0.011986683122813702,"z":-0.0005925931036472321,"w":0.9987941980361939},"size":78.3681869506836,"orthographic":true}