{"cameraMode":{"drawMode":0,"name":"Shaded","section":"Shading Mode"},"sceneLighting":true,"audioPlay":false,"sceneViewState":{"m_AlwaysRefresh":false,"showFog":true,"showSkybox":true,"showFlares":true,"showImageEffects":true,"showParticleSystems":true,"showVisualEffectGraphs":true,"m_FxEnabled":true},"in2DMode":false,"pivot":{"x":-11.146403312683106,"y":-3.311697483062744,"z":-1.1446019411087037},"rotation":{"x":-0.02399858832359314,"y":-0.004488945472985506,"z":-0.0000832986697787419,"w":0.9997241497039795},"size":63.28062057495117,"orthographic":true}